{
  "name": "eq",
  "fs": 48000,
  "ir_len": 32768,
  "band_response_db": {
    "sub_bass": 3.6198512374154763,
    "bass": 1.0956232928796297,
    "low_mid": -0.7500667577401041,
    "mid": -1.4386136379516274,
    "high_mid": 2.0872770086217933,
    "high": 2.053755716074594,
    "air": 1.9837714093853935
  },
  "nonlinear": null
}